,품목,가격,세일가격
1,Isntree Hyaluronic Acid Toner 200ml (Renewal),USD 19.00,USD 13.99
2,SON&PARK BEAUTY WATER 340ml,USD 29.40,USD 24.99
3,SOME BY MI AHA BHA PHA 30 Days Miracle Toner 150ml,USD 24.00,USD 13.99
4,SOME BY MI Galactomyces Pure Vitamin C Glow Toner 200ml,USD 34.00,USD 17.99
5,PURITO Centella Green Level Calming Toner 200ml,USD 25.20,USD 21.42
6,SON&PARK Beauty Water 60ml,USD 10.50,USD 8.92
7,Pyunkang Yul Essence Toner 100ml,USD 14.50,USD 12.32
8,secretKey Hyaluron Aqua Soft Toner 500ml,USD 22.00,USD 18.70
9,ROUND LAB 1025 Dokdo Toner 200ml,USD 17.00,USD 14.45
10,SOME BY MI Snail Truecica Miracle Repair Toner 135ml,USD 24.00,USD 15.99
11,Dr.MYSKIN Vita Galacto Bifida 90 Toner 110ml,USD 15.70,USD 13.34
12,COSRX AHA 7 WHITEHEAD POWER LIQUID 100ml,USD 17.81,USD 13.99
13,secretKey Fresh Toner 248ml,USD 12.00,USD 10.20
14,BLITHE Vital Treatment 8 Nourishing Beans 150ml,USD 42.90,USD 36.46
15,COSRX Two In One Poreless Power Liquid 100ml,USD 22.00,USD 14.99
16,Pyunkang Yul Essence Toner 200ml,USD 21.90,USD 18.61
17,Isntree Clear Skin BHA Toner 200ml,USD 21.96,USD 13.89
18,COSRX One Step Moisture Up Pad 70ea,USD 19.50,USD 14.99
19,Elizavecca Hell-Pore Clean up AHA Fruit Toner 200ml,USD 14.00,USD 11.90
20,BENTON Aloe BHA Skin Toner 200ml,USD 19.00,USD 16.15
21,COSRX One Step Original Clear Pad 70ea,USD 19.63,USD 14.99
22,NATURE REPUBLIC Soothing & Moisture Aloe Vera 92% Soothing Gel Mist 150ml,USD 12.16,USD 8.50
23,COSRX BHA BLACKHEAD POWER LIQUID100 ML,USD 20.81,USD 14.99
24,SKIN&LAB Medicica Balancing Toner 180ml,USD 21.63,USD 18.39
25,MAY ISLAND 7 Days Secret Centella Cica Toner 155ml,USD 16.50,USD 14.02
26,TIAM Vita B5 Toner 180ml,USD 18.60,USD 15.81
27,BADSKIN Hyaluronic Spa Toner 500ml,USD 26.00,USD 22.10
28,TIAM AC Fighting AHA BHA PHA Toner 180ml,USD 18.70,USD 15.89
29,Real Barrier Aqua Soothing Toner 200ml,USD 26.40,USD 22.44
30,Real Barrier Extreme Essence Toner 190ml,USD 30.00,USD 25.50
31,innisfree Jeju Orchid Skin 200ml,USD 27.92,USD 23.73
32,ROUND LAB Mugwort Calming Toner 300ml,USD 25.00,USD 21.25
33,innisfree Jeju Cherry Blossom Skin 200ml,USD 20.22,USD 17.19
34,iUNIK Vitamin Hyaluronic Acid Vitalizing Toner 200ml,USD 21.99,USD 18.69
35,G9SKIN White In Milk Toner 300ml,USD 18.00,USD 15.30
36,COSRX AC Collection Calming Liquid Mild 125ml,USD 26.00,USD 17.99
37,NACIFIC Real Calendula Floral Toner 180ml,USD 26.00,USD 14.17
38,CARYOPHY Portulaca Toner 300ml,USD 24.00,USD 20.40
39,KEEP COOL Soothe Fixence Mist 60ml,USD 10.00,USD 8.50
40,NEOGEN DERMALOGY Real Cica Pad 90ea,USD 17.90,USD 14.32
41,MAMONDE Rose Water Toner 250ml,USD 18.48,USD 15.71
42,heimish Bulgarian Rose Mist Serum 55ml,USD 24.00,USD 20.40
43,BLITHE Vital Treatment 5 Energy Roots 150ml,USD 37.60,USD 31.96
44,Elizavecca Hell-Pore Perfect Wine Sparkling Peeling Pad 30ea,USD 20.00,USD 17.00
45,so natural Yellow Cica Toner 260ml,USD 28.00,USD 23.80
46,so natural Vegan Make up Calm Fixx 100ml,USD 21.00,USD 17.85
47,so natural SO Vegan Noni Toner 150ml,USD 22.50,USD 19.12
48,B_LAB Matcha Hydrating Facial Toner 150ml,USD 17.00,USD 14.45
